<?xml version="1.0" encoding="UTF-8" standalone="yes"?>
<addon id="service.subtitles.autosubtitle"
       name="AutoSubtitle"
       version="0.0.15"
       provider-name="nmorel">
    <requires>
        <import addon="xbmc.python" version="2.1.0"/>
    </requires>
    <extension point="xbmc.subtitle.module"
               library="service.py" />
    <extension point="xbmc.addon.metadata">
        <summary lang="en">AutoSubtitle</summary>
        <description lang="en">Search and download subtitles from AutoSubtitle</description>
        <disclaimer lang="en"></disclaimer>
        <platform>all</platform>
        <license>GNU GENERAL PUBLIC LICENSE. Version 2, June 1991</license>
        <forum></forum>
        <website></website>
        <email></email>
        <source></source>
    </extension>
</addon>